{
    "accuracy": 0.9224190592547342,
    "precision": 0.7272727272727273,
    "recall": 0.6846846846846847
}
